{
  "dev": {
    "use_case_list": [{"name":"afp-mod-de-rslt",
                       "target_database" :"enrich_main_mobconv_bpcis_mod",
                       "use_case_name":"bpcis_mod",
                       "use_case_email":"milon.mahapatra@bp.com",
                       "sdlf_version": "2" }]
  },
  "test": {
    "use_case_list": [  ]
  },
  "preprod": {
    "use_case_list": [{"name":"afp-mod-de-rslt",
                       "target_database" :"enrich_main_mobconv_bpcis_mod",
                       "use_case_name":"bpcis_mod",
                       "use_case_email":"milon.mahapatra@bp.com",
                       "sdlf_version": "2" }]
  },
  "prod": {
    "use_case_list": [{"name":"afp-mod-de-rslt",
    "target_database" :"enrich_main_mobconv_bpcis_mod",
    "use_case_name":"bpcis_mod",
    "use_case_email":"milon.mahapatra@bp.com",
    "sdlf_version": "2" }  ]
  }
}