{
	"Comment": "Use case Stand Alone State Machine - Run Glue Python Shell Transform",
	"StartAt": "Try",
	"States": {
	  "Try": {
	   "Type": "Parallel",
	   "Branches": [
		  {
			"StartAt": "Glue PythonShell",
			"States": {
			 	"Glue PythonShell": {
			   	"Type": "Task",
			   	"Resource": "arn:aws:states:::glue:startJobRun.sync",
			   	"Parameters": {
					"JobName": "${sampleGlueJobName}",
					"Arguments": {
						"--TENANT.$":"$.tenant",
						"--ENV.$":"$.env",
						"--ACCOUNT.$":"$.account",
						"--SUBTENANT.$":"$.subtenant",
						"--PIPELINE.$":"$.pipeline",
						"--PEH_ID.$":"$.peh_id"

              	}
				},
				"ResultPath": "$.glueJobOutput",
				"End": true 
			}
			}
		  }
	    ],
	   	"Catch": [
		  {
			"ErrorEquals": [
			  "States.ALL"
			],
			"ResultPath": null,
			  "Next": "Error"
		  }
		],
	   "Next": "Done"
	 },
	 "Done": {
	  "Type": "Succeed"
	 },
	  "Error": {
		"Type": "Pass",
	   "Comment": "Process Error",
	   "Next": "Failed"
	 },
	 "Failed": {
	   "Type": "Fail"
	 }
   }
  }